date,portfolio_value,net_contributions,benchmark_value
2026-08-03,30450.00,30000.00,30000.00
2026-08-04,30358.65,30000.00,29940.00
2026-08-05,30480.08,30000.00,30029.82
2026-08-06,30510.56,30000.00,30044.83
2026-08-07,30327.49,30000.00,29924.65
2026-08-10,30418.47,30000.00,29984.50
2026-08-11,30479.31,30000.00,30014.48
2026-08-12,30448.83,30000.00,29969.46
2026-08-13,30601.07,30000.00,30059.37
2026-08-14,30478.67,30000.00,29999.25
2026-08-17,30509.15,30000.00,30029.25
2026-08-18,30600.68,30000.00,30089.31
2026-08-19,30539.48,30000.00,30059.22
2026-08-20,30661.64,30000.00,30119.34
2026-08-21,30385.69,30000.00,29938.63
2026-08-24,30446.46,30000.00,29968.57
2026-08-25,30537.80,30000.00,30028.50
2026-08-26,30507.26,30000.00,30013.49
2026-08-27,30629.29,30000.00,30073.52
2026-08-28,30690.55,30000.00,30103.59
2026-08-31,30537.10,30000.00,30013.28
2026-09-01,30628.71,30000.00,30073.31
2026-09-02,30659.34,30000.00,30103.38
2026-09-03,30598.02,30000.00,30073.28
2026-09-04,30720.41,30000.00,30133.43
2026-09-08,30843.29,30000.00,30223.83
2026-09-09,30781.60,30000.00,30178.50
2026-09-10,30935.51,30000.00,30269.04
2026-09-11,31028.32,30000.00,30314.44
2026-09-14,30935.24,30000.00,30253.81
2026-09-15,31059.00,30000.00,30329.44
2026-09-16,31152.18,30000.00,30389.99
2026-09-17,31058.72,30000.00,30344.40
2026-09-18,31214.01,30000.00,30435.43
2026-09-21,31307.65,30000.00,30496.30
2026-09-22,31582.39,30000.00,30618.29
