date,strategy_return,benchmark_return
2026-08-03,0.0020,0.0010
2026-08-04,-0.0030,-0.0020
2026-08-05,0.0040,0.0030
2026-08-06,0.0010,0.0005
2026-08-07,-0.0060,-0.0040
2026-08-10,0.0030,0.0020
2026-08-11,0.0020,0.0010
2026-08-12,-0.0010,-0.0015
2026-08-13,0.0050,0.0030
2026-08-14,-0.0040,-0.0020
2026-08-17,0.0010,0.0010
2026-08-18,0.0030,0.0020
2026-08-19,-0.0020,-0.0010
2026-08-20,0.0040,0.0020
2026-08-21,-0.0090,-0.0060
2026-08-24,0.0020,0.0010
2026-08-25,0.0030,0.0020
2026-08-26,-0.0010,-0.0005
2026-08-27,0.0040,0.0030
2026-08-28,0.0020,0.0010
2026-08-31,-0.0050,-0.0030
2026-09-01,0.0030,0.0020
2026-09-02,0.0010,0.0010
2026-09-03,-0.0020,-0.0010
2026-09-04,0.0040,0.0020
