date,symbol,close
2026-09-08,AAPL,178.32
2026-09-09,AAPL,177.84
2026-09-10,AAPL,179.15
2026-09-11,AAPL,180.62
2026-09-14,AAPL,179.98
2026-09-15,AAPL,181.34
2026-09-16,AAPL,182.11
2026-09-17,AAPL,181.72
2026-09-18,AAPL,183.56
2026-09-21,AAPL,183.90
2026-09-22,AAPL,185.42
2026-09-08,MSFT,408.12
2026-09-09,MSFT,406.88
2026-09-10,MSFT,410.24
2026-09-11,MSFT,412.65
2026-09-14,MSFT,411.18
2026-09-15,MSFT,414.72
2026-09-16,MSFT,416.05
2026-09-17,MSFT,414.98
2026-09-18,MSFT,418.20
2026-09-21,MSFT,417.62
2026-09-22,MSFT,420.18
2026-09-08,JPM,211.40
2026-09-09,JPM,210.95
2026-09-10,JPM,212.18
2026-09-11,JPM,213.60
2026-09-14,JPM,214.02
2026-09-15,JPM,215.35
2026-09-16,JPM,214.88
2026-09-17,JPM,216.12
2026-09-18,JPM,217.05
2026-09-21,JPM,216.18
2026-09-22,JPM,218.75
2026-09-08,JNJ,161.12
2026-09-09,JNJ,160.85
2026-09-10,JNJ,162.06
2026-09-11,JNJ,162.48
2026-09-14,JNJ,163.15
2026-09-15,JNJ,162.90
2026-09-16,JNJ,164.05
2026-09-17,JNJ,164.72
2026-09-18,JNJ,165.10
2026-09-21,JNJ,165.04
2026-09-22,JNJ,164.32
2026-09-08,SPY,571.82
2026-09-09,SPY,570.96
2026-09-10,SPY,573.44
2026-09-11,SPY,575.18
2026-09-14,SPY,574.03
2026-09-15,SPY,577.42
2026-09-16,SPY,579.20
2026-09-17,SPY,578.33
2026-09-18,SPY,581.17
2026-09-21,SPY,582.76
2026-09-22,SPY,585.24
